seq,year,month,ym,origin_ym,q,q_prev,q_prev2,calendar_p,global_p,component_crossed,bic_advantage_2,log_rv_1,log_rv_3,log_rv_12,log_range_var_1,jump_share_1,semivar_imbalance_1,p_global,p_calendar,p_calendar_calibrated,p_persistence,p_markov,p_seasonal_markov,p_logistic,p_cyclic,p_month_pool,p_multiscale,p_cyclic_multiscale,p_month_pool_multiscale,seasonal_strength,logistic_penalty,cyclic_penalty,month_pool_penalty,multiscale_penalty,cyclic_multiscale_penalty,month_pool_multiscale_penalty
85,2014,8,2014-08,2014-07,0.000577334374083322,0.8507561153328491,0.9992644187169987,0.8625450051036865,0.5717321688537493,false,9.00765462122456,-6.553203073397744,-6.612843951293516,-6.089780537555956,-6.626197357433138,0.3999648717067883,0.36995183799499504,0.5717321688537493,0.8625450051036865,0.5718380895105749,0.8507561153328491,0.5656166830420308,0.7634084662026127,0.5158245884485936,0.8736321339403584,0.9259361165191945,0.5546595993812975,0.6922612578193424,0.5923894189495957,2.0,1.0,0.01,1.0,100.0,10.0,100.0
86,2014,9,2014-09,2014-08,0.9999868255092483,0.000577334374083322,0.8507561153328491,0.7631650080244122,0.5570871730978605,false,9.075089862111895,-7.425403369777453,-6.763975806352393,-6.165531232290391,-7.147971541471416,0.28965213566325904,0.12815949326827805,0.5570871730978605,0.7631650080244122,0.516751208805934,0.000577334374083322,0.5399939931388701,0.5408108410385772,0.4251394845734225,0.554695039542879,0.5741162179572311,0.4477943595204688,0.5307151365245999,0.5500137119107189,24.0,0.1,100.0,100.0,10.0,100.0,100.0
87,2014,10,2014-10,2014-09,3.225552152935702e-10,0.9999868255092483,0.000577334374083322,0.47266743083064205,0.5681596644081451,false,10.690794761744883,-7.018109627503405,-6.935818950000418,-6.357165701200297,-6.715509229255202,0.2618090801553428,0.7373505045135952,0.5681596644081451,0.47266743083064205,0.5620031341746392,0.9999868255092483,0.5475067835553008,0.5447345256845254,0.5619221161680887,0.5561204370314318,0.5497568964612661,0.5559564513572921,0.5524820455286696,0.5465010546422752,24.0,100.0,100.0,100.0,100.0,100.0,100.0
88,2014,11,2014-11,2014-10,0.5112865521854315,3.225552152935702e-10,0.9999868255092483,0.37820874957333506,0.5543021116255699,false,12.791746309624273,-6.330719884053194,-6.820908516407791,-6.4569246949890955,-6.315945748531958,0.26591942419761533,0.4192492895072409,0.5543021116255699,0.37820874957333506,0.5488720347804363,1e-6,0.565855220981043,0.5645387003180466,0.6023685090574141,0.5356922941335874,0.5245989525743544,0.5480143940242667,0.5400250477804747,0.5286970851056705,24.0,1.0,100.0,100.0,100.0,100.0,100.0
89,2014,12,2014-12,2014-11,0.014115988438069984,0.5112865521854315,3.225552152935702e-10,0.6646488588619751,0.5532779316388998,false,13.997426853267768,-5.662761097060979,-6.190048385610556,-6.359120892260934,-5.8230684613355965,0.27984191401302,0.04767779698127872,0.5532779316388998,0.6646488588619751,0.5401079146660684,0.5112865521854315,0.5430010606794018,0.5522290678018975,0.6000975459737334,0.544920967471554,0.5604810317075527,0.6677557762237074,0.5631933752559636,0.5782518616908001,24.0,0.1,100.0,100.0,10.0,100.0,100.0
90,2015,1,2015-01,2014-12,0.9948596947264653,0.014115988438069984,0.5112865521854315,0.5557418870633433,0.54073928179702,false,14.071068823402015,-5.46181256474927,-5.755126417765354,-6.3230465228154165,-5.442771997678579,0.33609667169856977,0.279329800045228,0.54073928179702,0.5557418870633433,0.5295185679227519,0.014115988438069984,0.5485146941224001,0.5503882247145431,0.5315737785256084,0.5356475801026334,0.53486575290452,0.5471152173727293,0.5524520173853771,0.5513225564074161,24.0,100.0,100.0,100.0,100.0,100.0,100.0
91,2015,2,2015-02,2015-01,0.9991330096616025,0.9948596947264653,0.014115988438069984,0.6240037942465966,0.5510602002726892,false,12.953520804437517,-5.852819750747496,-5.646404767794592,-6.283664433406962,-5.931935415727207,0.2534184862288906,0.5243399797299638,0.5510602002726892,0.6240037942465966,0.5365670772821645,0.9948596947264653,0.513535179211426,0.5074047901720353,0.5594572400421977,0.5443318769176126,0.5540505233187388,0.6132095317248619,0.552837844949394,0.5628131585776524,24.0,0.1,100.0,100.0,10.0,100.0,100.0
92,2015,3,2015-03,2015-02,2.958852243479952e-13,0.9991330096616025,0.9948596947264653,0.33928069870327804,0.5610173738146652,false,14.030508456041218,-6.524265110663539,-5.856346413247749,-6.279946884124496,-6.298138406444646,0.41737323642530394,0.788087178386785,0.5610173738146652,0.33928069870327804,0.5599126381677892,0.9991330096616025,0.5328064417122879,0.5216485872728551,0.48093229997257386,0.5394605598476897,0.5247666527552873,0.6063768826057394,0.5352035641935,0.5212560680779404,24.0,0.01,100.0,100.0,1.0,100.0,100.0
93,2015,4,2015-04,2015-03,0.0007091490585026712,2.958852243479952e-13,0.9991330096616025,0.12511505775841103,0.5488213439491354,false,16.690523596351795,-6.551147371385198,-6.254100631662071,-6.310911215598525,-6.284272814267741,0.47620668121332,0.34438998734874005,0.5488213439491354,0.12511505775841103,0.5276802026872016,1e-6,0.5708158760205679,0.5240312943615575,0.6191126647371776,0.5084093208428756,0.48282493579422997,0.5666097880903885,0.42785401783632737,0.31475436741801954,24.0,0.01,100.0,100.0,10.0,10.0,10.0
94,2015,5,2015-05,2015-04,0.000013155385091923016,0.0007091490585026712,2.958852243479952e-13,0.5614917047302759,0.5371593823557176,false,16.789592880411988,-6.228428192337423,-6.423597559541537,-6.267648946406508,-6.432081313101612,0.1856139686756719,0.11576239604200322,0.5371593823557176,0.5614917047302759,0.5331699022591523,0.0007091490585026712,0.5439700304104055,0.5515539585831324,0.5312246208927268,0.3998872338409857,0.5572889773744626,0.5825091799752512,0.4558798993188511,0.5874573965568055,12.0,100.0,10.0,10.0,10.0,10.0,10.0
95,2015,6,2015-06,2015-05,0.00022247459443378316,0.000013155385091923016,0.0007091490585026712,0.624741257979398,0.5259688359604963,false,17.168528261433153,-6.81833601871805,-6.503498760120673,-6.270619711850247,-6.784905151125783,0.3012647892044101,0.02796560190046608,0.5259688359604963,0.624741257979398,0.5302893112061692,0.000013155385091923016,0.5195652237225977,0.5381430028934318,0.5207107811807541,0.519026499869636,0.5327027177754967,0.5105965312137297,0.5430841844831893,0.5213585778353362,24.0,100.0,100.0,100.0,10.0,10.0,100.0
96,2015,7,2015-07,2015-06,0.9997961484364821,0.00022247459443378316,0.000013155385091923016,0.667876920988212,0.5152393183815971,false,17.798941696594795,-7.289729125676044,-6.684984631594279,-6.304680388079511,-6.827885422326011,0.2757152571861832,0.08905267534787893,0.5152393183815971,0.667876920988212,0.5219752409131346,0.00022247459443378316,0.4972349514576137,0.47742404553033035,0.5075163793236335,0.5323818179089348,0.5172934691268741,0.43746103938575637,0.5065676543304148,0.4903142835634603,24.0,100.0,100.0,100.0,10.0,100.0,100.0
97,2015,8,2015-08,2015-07,0.9790332294783715,0.9997961484364821,0.00022247459443378316,0.6901514709577659,0.5249304549826947,false,19.08574558778929,-6.339825559027727,-6.7420538605534475,-6.289339244052161,-5.9923944039939805,0.6452188000358313,0.8338695350732299,0.5249304549826947,0.6901514709577659,0.540118468595567,0.9997961484364821,0.5120888016658152,0.5308291165102841,0.5724922475566556,0.5506025531820776,0.5412189212579013,0.43154247717355404,0.6431305716787092,0.5303453998001898,24.0,0.01,100.0,100.0,1.0,10.0,100.0
98,2015,9,2015-09,2015-08,3.442497159212815e-12,0.9790332294783715,0.9997961484364821,0.8105293715213794,0.5338344309531982,false,20.1934708846656,-6.561370882263271,-6.655423489662679,-6.253268527955244,-6.2914929198251555,0.17780275533724613,0.2781408240378125,0.5338344309531982,0.8105293715213794,0.5831098049161548,0.9790332294783715,0.5292992277991634,0.5640332447519092,0.5368739796946954,0.6062398581495284,0.5674038115072205,0.4973805830458278,0.579978290708888,0.6992008021957494,24.0,0.01,10.0,100.0,10.0,10.0,10.0
99,2015,10,2015-10,2015-09,7.192742809356437e-7,3.442497159212815e-12,0.9790332294783715,0.3781339447290247,0.5235683842041644,false,22.0350168901374,-6.5121004971793734,-6.466512876322454,-6.228043955633352,-6.577718280613431,0.291494101160112,0.08365392247650694,0.5235683842041644,0.3781339447290247,0.4983680308142345,1e-6,0.5175050495469027,0.5107629400915257,0.47881323895774014,0.5019318941047627,0.4944699721375896,0.46079534272745526,0.48584357462252803,0.47703628805664006,24.0,0.01,100.0,100.0,1.0,100.0,100.0
100,2015,11,2015-11,2015-10,0.9999995313135775,7.192742809356437e-7,3.442497159212815e-12,0.40482431009575437,0.5136897490168081,false,23.314355596402095,-6.553388247510702,-6.542052380640083,-6.243169500317246,-6.307618703626132,0.3399624662068071,0.510337090356032,0.5136897490168081,0.40482431009575437,0.48669063465257545,1e-6,0.49702966030742524,0.5004609479213072,0.5764557123292238,0.4244350409833984,0.43202188684053544,0.5074816258282429,0.4465486700148967,0.462906668039492,24.0,0.01,10.0,10.0,10.0,10.0,10.0
101,2015,12,2015-12,2015-11,4.093100708131248e-8,0.9999995313135775,7.192742809356437e-7,0.5345422847771941,0.5226954857260077,false,25.713551324316143,-6.8160003896823405,-6.618391922264393,-6.350647185317276,-6.563534676587668,0.17687655345909997,0.6425976529513778,0.5226954857260077,0.5345422847771941,0.5138795805018876,0.999999,0.5108432701797052,0.49304483464406734,0.5488514575112861,0.5219134995106929,0.5175282308791807,0.5105188202150328,0.40571343729818266,0.4484219008972131,24.0,0.01,100.0,100.0,1.0,1.0,0.1
102,2016,1,2016-01,2015-12,0.9607445016909563,4.093100708131248e-8,0.9999995313135775,0.6435654485959678,0.5131919321842803,false,25.818783148216255,-6.156877847551171,-6.471603053781006,-6.457720016626413,-6.31340052988918,0.2157591967033935,0.025374042345955878,0.5131919321842803,0.6435654485959678,0.5158740550320228,1e-6,0.5161725584289573,0.5372862722705181,0.4980809889825047,0.5226313585871917,0.5261505370925738,0.4773746292837301,0.6100804827580367,0.5911073639145833,24.0,0.01,100.0,100.0,10.0,10.0,10.0
103,2016,2,2016-02,2016-01,0.9993696781095817,0.9607445016909563,4.093100708131248e-8,0.6990296373295977,0.5211839423540424,false,24.15973021337919,-6.48291502377043,-6.449423549303914,-6.531720929004153,-6.44008470330388,0.14568296064421504,0.4038438707370239,0.5211839423540424,0.6990296373295977,0.5341739571028169,0.9607445016909563,0.4946068660931806,0.5090834541190244,0.6131653580285978,0.563750564170819,0.6500423097347828,0.5336310394829616,0.5662668238889985,0.648715045820387,24.0,0.01,10.0,10.0,10.0,10.0,10.0
104,2016,3,2016-03,2016-02,0.0723900445187329,0.9993696781095817,0.9607445016909563,0.2714245589626816,0.5295731657883501,false,24.614917581131976,-5.47916495072177,-5.9495529452189775,-6.387802356772795,-5.517050085943294,0.3955845413430518,0.5446041623439006,0.5295731657883501,0.2714245589626816,0.4764704975931207,0.9993696781095817,0.5094604591244248,0.48159825779420584,0.3929350080363449,0.4299101175259733,0.33984133064099237,0.5810409172908053,0.47729208341592694,0.389567881019272,24.0,0.01,10.0,10.0,1.0,10.0,10.0
105,2016,4,2016-04,2016-03,0.16520087338946796,0.0723900445187329,0.9993696781095817,0.10023387601842937,0.5216906981802533,false,25.21135204160339,-5.796436254375756,-5.838397623314161,-6.311060752149584,-5.809717871826386,0.18938321315111262,0.0648814425863701,0.5216906981802533,0.10023387601842937,0.3963906184258157,0.0723900445187329,0.5303877696670602,0.35599451656284253,0.3065422064401484,0.29965367757176903,0.21898985446869693,0.464109994491695,0.10373195014494216,0.0036005237010220434,6.0,0.01,10.0,10.0,1.0,1.0,0.1
106,2016,5,2016-05,2016-04,0.9997352632976279,0.16520087338946796,0.0723900445187329,0.449195994861239,0.5156484977600704,false,21.306837587076075,-6.141043698537219,-5.769510836464251,-6.302829520009395,-6.224695680974,0.20851760208655823,0.4502103345752144,0.5156484977600704,0.449195994861239,0.4882475740399958,0.16520087338946796,0.5166515872589935,0.4884267208226916,0.5235467733196593,0.33738160222862906,0.46391673298848607,0.6464238662620972,0.2709959645287676,0.4614229914342114,6.0,0.01,10.0,10.0,1.0,1.0,10.0
107,2016,6,2016-06,2016-05,0.9919889627894894,0.9997352632976279,0.16520087338946796,0.49983750130240506,0.5237166105190297,false,22.278628229521246,-6.4838854496747445,-6.1014428450033575,-6.283256440924782,-6.472063927473949,0.23318620027375547,0.6085940462630529,0.5237166105190297,0.49983750130240506,0.5102719596425598,0.9997352632976279,0.49714425446990085,0.4975416562248998,0.5327168409797561,0.5227594461750795,0.5056339018690424,0.5990933937734089,0.520103611849421,0.4873947934661479,24.0,0.01,100.0,10.0,1.0,100.0,10.0
108,2016,7,2016-07,2016-06,0.013245601182714164,0.9919889627894894,0.9997352632976279,0.7231967922295904,0.5313932064578898,false,22.496763046874207,-5.480764130677663,-5.946276621829049,-6.138752958770462,-5.545505885528287,0.5099969047378495,0.7030145585096943,0.5313932064578898,0.7231967922295904,0.5741430766776657,0.9919889627894894,0.5128092473223429,0.5437924952606903,0.4766455543850732,0.7071372197734116,0.6361412156933812,0.5249983055914389,0.8042607739131522,0.6736926497251641,24.0,0.01,10.0,10.0,1.0,1.0,10.0
109,2016,8,2016-08,2016-07,0.9137597438314622,0.013245601182714164,0.9919889627894894,0.7382984307112,0.5230359870179675,false,22.906876373678415,-6.457413062700185,-6.023594334211852,-6.146342553655749,-6.2585754756433705,0.2008410633021895,0.12789302684732087,0.5230359870179675,0.7382984307112,0.5595724288625046,0.013245601182714164,0.5341608206803823,0.5492893291938375,0.3962663443184727,0.5471740400896873,0.5533676169479582,0.38510663170587695,0.53979336264255,0.5458181452027085,24.0,0.01,100.0,100.0,1.0,100.0,100.0
110,2016,9,2016-09,2016-08,1.3779085657586205e-10,0.9137597438314622,0.013245601182714164,0.6754411429350565,0.5292379514118325,false,22.9873007543257,-7.08896534582942,-6.123967277171109,-6.169160662196287,-6.772486481451314,0.4210978116987577,0.6391343267843986,0.5292379514118325,0.6754411429350565,0.5552642283407615,0.9137597438314622,0.5020039997806852,0.5366506940976922,0.6566758944114981,0.5528395455977021,0.6378198980223596,0.5400255975414584,0.7723373032630421,0.9111627653896126,12.0,0.1,10.0,10.0,10.0,1.0,0.1
111,2016,10,2016-10,2016-09,1.3137492166179965e-8,1.3779085657586205e-10,0.9137597438314622,0.31511174048656737,0.5209686084231756,false,23.61824154104022,-6.972970857919018,-6.800404382743591,-6.191241042631237,-6.907035312827814,0.3138822659016626,0.38428589754115,0.5209686084231756,0.31511174048656737,0.4703416971830151,1e-6,0.5455271590678765,0.5171199237361738,0.5101294131321725,0.4202195623713608,0.36629767518624706,0.45842021107303194,0.4061313477445772,0.3412529358692112,24.0,100.0,10.0,10.0,10.0,10.0,10.0
112,2016,11,2016-11,2016-10,0.9999668336023102,1.3137492166179965e-8,1.3779085657586205e-10,0.5040201802987249,0.5129537069572421,false,25.542400091563536,-6.4893690001431805,-6.8152875965529365,-6.1874128392638035,-6.7138067826822505,0.7474623331765697,0.7606405714635605,0.5129537069572421,0.5040201802987249,0.4995660396757766,1e-6,0.528018750156822,0.6140226806608393,0.6257772165207197,0.38765812746614503,0.5041895424496532,0.44029512485665084,0.359952372584366,0.46146431439077956,2.0,1.0,1.0,10.0,10.0,10.0,10.0
113,2016,12,2016-12,2016-11,0.7459562769752204,0.9999668336023102,1.3137492166179965e-8,0.4454519108028296,0.5203326937245916,false,27.273051912730466,-6.090437929287142,-6.454391402631524,-6.141126749206177,-5.6871694716778425,0.28889047703529114,0.730280696449725,0.5203326937245916,0.4454519108028296,0.49453992201760066,0.9999668336023102,0.4843109893225269,0.37894989869905865,0.5111686524628114,0.5775312624210028,0.4625440870371819,0.5404029690779003,0.531455105073795,0.4019066080630729,6.0,0.01,10.0,10.0,1.0,1.0,0.1
114,2017,1,2017-01,2016-12,0.9900389864239186,0.7459562769752204,0.9999668336023102,0.6964286241117991,0.5237002098925114,false,27.843043009777148,-7.029229466312411,-6.465307329361086,-6.190048881494713,-6.610805397715227,0.22787973445665535,0.2382915066463158,0.5237002098925114,0.6964286241117991,0.5551198767234937,0.7459562769752204,0.5047432094521419,0.5179882540799429,0.4756094319401411,0.643929365127199,0.6538289814827586,0.44010361563461053,0.5332563761986027,0.5661912329175676,24.0,0.01,10.0,10.0,10.0,1.0,10.0
115,2017,2,2017-02,2017-01,0.9932349319128959,0.9900389864239186,0.7459562769752204,0.7490863107929284,0.5305581330767968,false,26.843981007552088,-6.783363931810094,-6.551832969005928,-6.206316255987949,-6.69814866712233,0.1876668969669471,0.3629704753737057,0.5305581330767968,0.7490863107929284,0.5817049939468456,0.9900389864239186,0.5026992059848414,0.5883564579152463,0.5453261272800098,0.6048356248483344,0.6956841381753599,0.5114188426436116,0.5292585902598798,0.6477047148287598,6.0,1.0,1.0,10.0,100.0,1.0,10.0
116,2017,3,2017-03,2017-02,0.015817171751362404,0.9932349319128959,0.9900389864239186,0.23825213988869018,0.5372635939294939,false,27.863490851110782,-7.366085107979631,-7.03165255854164,-6.364493555117906,-7.0584573021568096,0.24245299514533217,0.3736368579586192,0.5372635939294939,0.23825213988869018,0.4426511780440558,0.9932349319128959,0.515758762053795,0.3947161290469364,0.39400144807723153,0.4258156067223397,0.31181925384641335,0.44176732451046175,0.1740162694358184,0.0650871404286934,6.0,0.1,10.0,10.0,10.0,1.0,0.1
117,2017,4,2017-04,2017-03,0.0007483209824407627,0.015817171751362404,0.9932349319128959,0.11106170891360245,0.5298143593269492,false,27.282690717403284,-6.939600819130071,-7.000801543499072,-6.470056930323898,-6.991140396854176,0.3050083755831013,0.0809254624686603,0.5298143593269492,0.11106170891360245,0.3535437931037813,0.015817171751362404,0.5455336036506573,0.20758271907049183,0.2819795602421421,0.20697776461006054,0.06924138921854195,0.2923908201377362,0.06826002338707134,0.012945315248699046,2.0,0.01,1.0,1.0,1.0,1.0,0.1
118,2017,5,2017-05,2017-04,0.12639768718806968,0.0007483209824407627,0.015817171751362404,0.5409525396006372,0.5223627249840688,false,27.30377174018031,-7.386216150341638,-7.208530885749508,-6.55611818010966,-7.271075506127741,0.4014229302151451,0.2993700662245077,0.5223627249840688,0.5409525396006372,0.5230568110305385,0.0007483209824407627,0.5301396674983391,0.5327349322156537,0.6042019539013664,0.28751554702032517,0.5465754375657587,0.4461829524773852,0.18180948930393795,0.29834513166206866,2.0,0.01,1.0,1.0,1.0,1.0,0.1
119,2017,6,2017-06,2017-05,0.9589507535565298,0.12639768718806968,0.0007483209824407627,0.5818627448835858,0.5168632105702353,false,27.255268700151532,-6.705729117838632,-6.972374611507136,-6.574100782901633,-6.954891321765606,0.3086057472222676,0.03394446672623752,0.5168632105702353,0.5818627448835858,0.5326655809552128,0.12639768718806968,0.5163740809258748,0.5184476782290736,0.5367009008598869,0.573114583729686,0.5667713754042911,0.45531552114933166,0.36882464738760345,0.3634483637614244,6.0,10.0,1.0,10.0,10.0,1.0,0.1
120,2017,7,2017-07,2017-06,0.9670362418041403,0.9589507535565298,0.12639768718806968,0.621775193508608,0.5229192043097738,false,27.8832183571551,-7.2974024121148755,-7.08174668175714,-6.807617421569205,-7.023958320867256,0.18854360412698118,0.16698088850396645,0.5229192043097738,0.621775193508608,0.5549772369224668,0.9589507535565298,0.5047065582980411,0.5410880110160164,0.6333866809476478,0.7828710321206847,0.551180854257995,0.49948000859008335,0.6828294728794295,0.508997330445752,6.0,0.01,1.0,10.0,100.0,10.0,10.0
121,2017,8,2017-08,2017-07,0.997080711852209,0.9670362418041403,0.9589507535565298,0.7633643325855234,0.5289207858975354,false,28.97758666298546,-7.103317968285052,-7.0044322572424,-6.865542074746115,-7.127790225323818,0.35914766391077485,0.029760401611798944,0.5289207858975354,0.7633643325855234,0.625872810036992,0.9670362418041403,0.5156270680794663,0.6808380882880444,0.5580670479354022,0.7431487554688594,0.7062793022934294,0.4779508735286629,0.6309337300538645,0.7715658903114513,2.0,0.01,1.0,10.0,10.0,1.0,0.1
122,2017,9,2017-09,2017-08,0.9857801481392165,0.997080711852209,0.9670362418041403,0.5789495511068757,0.5351629182435977,false,30.310179656173773,-7.000406213995861,-7.126251629783696,-6.859389509984702,-6.851135595425109,0.23450228024850822,0.5370934990393059,0.5351629182435977,0.5789495511068757,0.5514235876088044,0.997080711852209,0.526909169617475,0.52076353913238,0.48669554941570536,0.524019576581402,0.5883795534414621,0.5190666491977001,0.5230033040209517,0.595176429997745,2.0,1.0,1.0,1.0,100.0,1.0,0.1
123,2017,10,2017-10,2017-09,3.5808861816641682e-9,0.9857801481392165,0.997080711852209,0.2700957794366995,0.5410920923211716,false,31.545843408084806,-6.74312578566651,-6.93723914226477,-6.840350205580347,-6.960236477727261,0.1691723515473697,0.3630531160964073,0.5410920923211716,0.2700957794366995,0.41771765937701505,0.9857801481392165,0.5380470476632597,0.42973889786573777,0.39595282461957637,0.3733098451209538,0.24671963946480596,0.5382349545293778,0.4375055011370622,0.32816743123944087,2.0,1.0,1.0,1.0,100.0,1.0,0.1
124,2017,11,2017-11,2017-10,0.32034793559368346,3.5808861816641682e-9,0.9857801481392165,0.574869702199237,0.5340649223375316,false,32.603102747756566,-7.445213734069226,-7.022530692650283,-6.916000157175881,-7.285497834588035,0.11416784291566606,0.16103171418730639,0.5340649223375316,0.574869702199237,0.5520376660969648,1e-6,0.5301111025391042,0.6730496761411862,0.5390508533101509,0.4193734478947459,0.583853540364366,0.5066416068288763,0.6101876752547934,0.6947344840519858,2.0,0.01,1.0,1.0,100.0,1.0,1.0
125,2017,12,2017-12,2017-11,4.589729111572487e-6,0.32034793559368346,3.5808861816641682e-9,0.4883811059703139,0.5313249609690207,false,34.292565127191324,-7.133588349326771,-7.065954641785255,-7.0475057372425995,-7.161690819233365,0.22860927015774207,0.0036804215483015575,0.5313249609690207,0.4883811059703139,0.5087664328941288,0.32034793559368346,0.5246869350256984,0.5425241360621313,0.5589907482427369,0.6464966109616191,0.49872335367702714,0.5221985979926992,0.6238930944397479,0.574152602093601,6.0,1.0,1.0,10.0,100.0,10.0,1.0
126,2018,1,2018-01,2017-12,0.9892066585333122,4.589729111572487e-6,0.32034793559368346,0.7383729615849591,0.5245993866495282,false,34.78464244705424,-7.432050029567668,-7.326277664456565,-7.076049556083601,-7.443378647080731,0.2838693781376955,0.05561472088881048,0.5245993866495282,0.7383729615849591,0.6253316119740948,4.589729111572487e-6,0.5147278995311573,0.7341021158032338,0.6602182189722668,0.6599795422372516,0.7642028320995372,0.48692542322201965,0.6551386660990755,0.7989457748828929,2.0,1.0,10.0,1.0,100.0,10.0,1.0
127,2018,2,2018-02,2018-01,2.9783973497247113e-7,0.9892066585333122,4.589729111572487e-6,0.783964685238638,0.5304069775480755,false,35.2887234578443,-7.108900495007386,-7.214453621186026,-7.107569348238813,-6.954318603111931,0.19533234145908565,0.40089400895494304,0.5304069775480755,0.783964685238638,0.6634141530979676,0.9892066585333122,0.521462675063726,0.7053793412221979,0.7270401073661156,0.6253813874827086,0.8143308534173369,0.5280469548158305,0.7518234418566132,0.9057051831969487,2.0,0.01,1.0,1.0,100.0,1.0,0.1
128,2018,3,2018-03,2018-02,0.0016183356501462784,2.9783973497247113e-7,0.9892066585333122,0.2064757158690719,0.5238587469343923,false,36.34108782932424,-6.902341858394261,-7.124587757328641,-7.070305076123609,-6.711649533794823,0.24573738768455103,0.24549434822813118,0.5238587469343923,0.2064757158690719,0.3614358907413663,1e-6,0.5270460273944801,0.4924801481548215,0.4880709730065081,0.3771144375455586,0.27698522586413427,0.49861781050621173,0.411827089125959,0.2823391553953986,12.0,100.0,10.0,10.0,100.0,10.0,10.0
129,2018,4,2018-04,2018-03,5.420665080810257e-6,0.0016183356501462784,2.9783973497247113e-7,0.09530265349486508,0.5174899614309258,false,36.666196386432716,-6.90764705516609,-6.968450529892655,-7.067226192174406,-6.935014078135797,0.2503313688197517,0.207058381243529,0.5174899614309258,0.09530265349486508,0.25557740395548595,0.0016183356501462784,0.5135899754402096,0.167841995289017,0.36712887951054884,0.171044157015885,0.19537493343673643,0.4938581658119669,0.267206737507573,0.19750629188024446,2.0,10.0,1.0,10.0,100.0,10.0,10.0
130,2018,5,2018-05,2018-04,0.00028497915832848133,5.420665080810257e-6,0.0016183356501462784,0.48173041782741327,0.5112552079277229,false,37.386059264188475,-7.061726618850699,-6.9545559015362075,-7.044272336261761,-7.015145270988774,0.21342193542720864,0.08978801537973938,0.5112552079277229,0.48173041782741327,0.4848942102509014,5.420665080810257e-6,0.5007988903284993,0.48265958006941206,0.5296545566738681,0.2729240891134936,0.4857778474544879,0.48107759430741803,0.3505230097542821,0.4542411892004622,6.0,10.0,1.0,10.0,100.0,10.0,10.0
131,2018,6,2018-06,2018-05,0.9909886438827819,0.00028497915832848133,5.420665080810257e-6,0.6357324604082921,0.5051722290138015,false,37.84954586143988,-7.437473944801246,-7.111841820676797,-7.106858072802967,-7.317523681553459,0.5204665116115705,0.4354754689739322,0.5051722290138015,0.6357324604082921,0.5597385857554057,0.00028497915832848133,0.4886167355506531,0.5357976156774674,0.5098371018862807,0.6032000551689953,0.6069193995645547,0.458730560335322,0.4965790329151123,0.5442903330066168,6.0,100.0,1.0,10.0,100.0,10.0,10.0
132,2018,7,2018-07,2018-06,0.9798871207037724,0.9909886438827819,0.00028497915832848133,0.6649328245455496,0.5108877162475542,false,33.210676671758165,-7.621941847903443,-7.345920569502765,-7.126130818878451,-7.516524421849275,0.624537002461089,0.8232754482477564,0.5108877162475542,0.6649328245455496,0.5832549706402134,0.9909886438827819,0.5092910247971029,0.5855830460000827,0.5917252979412942,0.8271003403063861,0.5943743493281353,0.48627178099023277,0.6846455799231252,0.5436349324356361,6.0,10.0,1.0,10.0,100.0,10.0,10.0
133,2018,8,2018-08,2018-07,0.0009726487927005378,0.9798871207037724,0.9909886438827819,0.792578879993859,0.5163411976947195,false,33.44438028929619,-7.36796766676689,-7.470160572505823,-7.146154187020236,-7.109295398339216,0.18371789146085837,0.3854924605058437,0.5163411976947195,0.792578879993859,0.6732896130478352,0.9798871207037724,0.5195968484747078,0.649001261169278,0.5986589701645931,0.7911978966891334,0.7293199214676312,0.4779748687245226,0.6242555277731685,0.6586518663255069,6.0,10.0,1.0,10.0,100.0,10.0,10.0
134,2018,9,2018-09,2018-08,2.9533409881193214e-7,0.0009726487927005378,0.9798871207037724,0.6298033757359184,0.5104174212705584,false,33.76744776821852,-6.663067764322141,-7.131748391819773,-7.108203076261335,-6.835733872407397,0.23407115190201777,0.21137629632912766,0.5104174212705584,0.6298033757359184,0.556171717034412,0.0009726487927005378,0.5004220946441165,0.519031155232406,0.49859872459372556,0.5038778054453913,0.5316593052259452,0.46408915681457236,0.4392161495903316,0.4940087271075054,24.0,100.0,100.0,100.0,100.0,10.0,100.0
135,2018,10,2018-10,2018-09,0.826924164667199,2.9533409881193214e-7,0.0009726487927005378,0.23633380745472282,0.5046172266576442,false,35.40631835995623,-7.559111948789408,-7.118595768592351,-7.17751532539109,-7.269039566353006,0.1814791250648998,0.20506834811060345,0.5046172266576442,0.23633380745472282,0.3490710796849771,1e-6,0.4888131444192763,0.445861516281999,0.4757661798153584,0.46402101244642796,0.4420471069721152,0.4532362966397682,0.34902404997531017,0.4012210357310093,24.0,100.0,100.0,100.0,10.0,10.0,100.0
136,2018,11,2018-11,2018-10,1.4206758994435422e-6,0.826924164667199,2.9533409881193214e-7,0.543054481373543,0.5082386529274144,false,36.36486906771279,-6.722919520176105,-6.907228421397645,-7.112164796110038,-6.8143464158768365,0.4966698033826999,0.47562703495127634,0.5082386529274144,0.543054481373543,0.5104812760028195,0.826924164667199,0.5065432057130708,0.4933306347348081,0.5191456016527299,0.48653489087971563,0.5115197085977321,0.5107435999520565,0.4910646023282523,0.5176057602360595,24.0,100.0,100.0,100.0,100.0,100.0,100.0
137,2018,12,2018-12,2018-11,0.9999986023107972,1.4206758994435422e-6,0.826924164667199,0.4273340414401637,0.5025915725690643,false,37.20998861172188,-7.343649975098596,-7.143036919568824,-7.127739610238597,-7.220676871574072,0.3537565693030089,0.17735523375984114,0.5025915725690643,0.4273340414401637,0.4535067494819325,1.4206758994435422e-6,0.49454000312950774,0.5051414284308352,0.47984004980038997,0.5808502209695179,0.48144868846188527,0.4537402219465099,0.525071574496248,0.44105112892687276,24.0,100.0,10.0,100.0,100.0,10.0,100.0
138,2019,1,2019-01,2018-12,0.0010584633406881291,0.9999986023107972,1.4206758994435422e-6,0.7697271737035032,0.5080575838849074,false,39.53221741219443,-7.357947825538099,-7.095205143280434,-7.123022724758639,-7.367109107961493,0.2800912521007776,0.7795747400587637,0.5080575838849074,0.7697271737035032,0.6182805530019884,0.9999986023107972,0.49945212632013475,0.5184023845047625,0.5304835836430221,0.6625191587149292,0.561763605930613,0.4841405226528948,0.5573314152934755,0.5387866544817129,24.0,100.0,10.0,100.0,100.0,10.0,100.0
139,2019,2,2019-02,2019-01,0.003608742193014112,0.0010584633406881291,0.9999986023107972,0.6859691368137751,0.502546723878992,false,36.737769285578,-7.290108728147502,-7.330140183073795,-7.137129727355707,-7.350489230948081,0.42575960258895357,0.5110890523391342,0.502546723878992,0.6859691368137751,0.5613632820996495,0.0010584633406881291,0.5056882773739182,0.5312867519269379,0.499924848261007,0.5050973417993905,0.5391090264776133,0.45627389972755045,0.4676306388374738,0.5027922992155833,24.0,100.0,100.0,100.0,100.0,100.0,100.0
140,2019,3,2019-03,2019-02,0.1414111772468005,0.003608742193014112,0.0010584633406881291,0.1808685433417062,0.49718179934473417,false,37.080637062086566,-7.4955701380206525,-7.377599373632753,-7.1854340901779,-7.519714774394604,0.2351349887711469,0.11940721622927618,0.49718179934473417,0.1808685433417062,0.34805637742292717,0.003608742193014112,0.4948432229696491,0.4597724271337359,0.4684595172866972,0.446112579923895,0.4214947435031996,0.4161859350339548,0.2559996233420384,0.3792036079050189,24.0,100.0,100.0,100.0,10.0,10.0,100.0
141,2019,4,2019-04,2019-03,0.04972949201689335,0.1414111772468005,0.003608742193014112,0.08339049939114204,0.4933970054926285,false,36.76232408363194,-7.000070101671949,-7.241080297982132,-7.195193940642091,-7.06855316635429,0.25292278430619985,0.4003434098956726,0.4933970054926285,0.08339049939114204,0.2674476662785201,0.1414111772468005,0.48760252663830156,0.4051827774534795,0.4478451761783939,0.24583716071455475,0.3963939400015467,0.4103925681614372,0.18119214851477766,0.363842953175791,24.0,100.0,10.0,100.0,10.0,10.0,100.0
142,2019,5,2019-05,2019-04,3.4955305795524653e-6,0.04972949201689335,0.1414111772468005,0.42154973799377765,0.48872682114025234,false,36.59093681566503,-7.803377372986175,-7.377379555623162,-7.246350851492992,-7.590685774478838,0.34577524420217964,0.32632889592477093,0.48872682114025234,0.42154973799377765,0.44238069381364487,0.04972949201689335,0.4799931916737618,0.46258874143223655,0.4757562805225071,0.34969458635187994,0.46837896647059063,0.3688834064298928,0.22788671110901818,0.412769128031034,24.0,100.0,10.0,100.0,10.0,10.0,100.0
143,2019,6,2019-06,2019-05,0.9999997967420657,3.4955305795524653e-6,0.04972949201689335,0.6801394833426033,0.48363595316515157,false,37.63923374414799,-7.324490547925034,-7.323590503845215,-7.238150870228591,-7.328101825945639,0.26160423129440263,0.39847021496996315,0.48363595316515157,0.6801394833426033,0.5491000773904219,3.4955305795524653e-6,0.47031672809949776,0.5061667044299891,0.4971690155658616,0.5724619125542078,0.5239320859348671,0.4097601468996327,0.521423731326488,0.47815573021560964,24.0,100.0,10.0,100.0,10.0,10.0,100.0
144,2019,7,2019-07,2019-06,0.1090381466999658,0.9999997967420657,3.4955305795524653e-6,0.6999277463409077,0.48895929175872804,false,39.887431705875656,-6.618330802531754,-7.12956328273759,-7.1445603669329625,-6.529635984448701,0.3112715369023197,0.7113660901845358,0.48895929175872804,0.6999277463409077,0.5664870088779189,0.999999,0.4869088999318057,0.5333171292800706,0.501889646934887,0.7215149081800185,0.524534793448958,0.41311664689004785,0.603081412515231,0.4966929975832233,24.0,100.0,10.0,100.0,10.0,10.0,100.0
145,2019,8,2019-08,2019-07,0.9993013052432469,0.1090381466999658,0.9999997967420657,0.7046226320826192,0.4850825453805774,false,40.568825811419174,-6.0143377119498265,-6.5160916237585775,-6.9694482908811946,-6.186318317408599,0.23957836068445232,0.11833784439736285,0.4850825453805774,0.7046226320826192,0.5606996062963412,0.1090381466999658,0.48069134481390646,0.5144364288260929,0.48371708198394264,0.5248701831508389,0.5313139934803434,0.3967473548260225,0.5126018986333407,0.5196995634083005,24.0,100.0,100.0,100.0,10.0,100.0,100.0
146,2019,9,2019-09,2019-08,0.000021677846669117292,0.9993013052432469,0.1090381466999658,0.5598252556912718,0.49027667426807914,false,41.111759123357274,-6.12633850471649,-6.220678187410658,-6.892095162910472,-5.909684919867483,0.229004139018266,0.6929242455214544,0.49027667426807914,0.5598252556912718,0.5001620625629791,0.9993013052432469,0.48021269350130846,0.5031465253907845,0.4896745660688526,0.4865198099760287,0.5019091773586957,0.49252346485318443,0.48894776267554496,0.50524887369687,24.0,100.0,10.0,100.0,100.0,10.0,100.0
147,2019,10,2019-10,2019-09,2.1316726429349446e-10,0.000021677846669117292,0.9993013052432469,0.3019549582561091,0.485374124303865,false,41.49444980600572,-6.278011310751595,-6.133771685860382,-6.786630245951086,-6.231936955874799,0.25354257680787157,0.46411942611411294,0.485374124303865,0.3019549582561091,0.38002552534592393,0.000021677846669117292,0.48995138224246054,0.46073244808545566,0.4619750029519303,0.36337860610203687,0.43726100652643074,0.48079384341640635,0.40550869043642157,0.4418960294383655,24.0,100.0,10.0,100.0,100.0,10.0,100.0
148,2019,11,2019-11,2019-10,0.42222424591830404,2.1316726429349446e-10,0.000021677846669117292,0.48271525240713803,0.4805684399069274,false,43.44122491329381,-7.057292801628342,-6.412489859940069,-6.8121968173422625,-6.572887125287359,0.22607322340487634,0.32378486709353965,0.4805684399069274,0.48271525240713803,0.4563360532521309,1e-6,0.4805230760979028,0.5117480178509586,0.48349837333642776,0.41585816397493597,0.4760106762152829,0.4709722212960888,0.4764686104032027,0.5146515307952748,24.0,100.0,10.0,100.0,100.0,10.0,10.0
149,2019,12,2019-12,2019-11,0.9998719558866864,0.42222424591830404,2.1316726429349446e-10,0.49096343709245627,0.4799964380050782,false,38.3091460607784,-7.144592337930321,-6.745819015097413,-6.801466811719881,-7.100254797878195,0.3840625162532348,0.6643520344104161,0.4799964380050782,0.49096343709245627,0.45968770753530147,0.42222424591830404,0.4756214528568128,0.48199588467588345,0.47560545871311016,0.5702685993453004,0.477577884963508,0.45169324411467127,0.5012316967506708,0.45249007213063047,24.0,100.0,10.0,100.0,100.0,10.0,100.0
150,2020,1,2020-01,2019-12,0.9939849032019535,0.9998719558866864,0.42222424591830404,0.684319539218746,0.48504377313014235,false,39.839752678503146,-7.610086831956997,-7.242922783746544,-6.812169742318184,-7.46590724765389,0.23505431587077363,0.4598097233466887,0.48504377313014235,0.684319539218746,0.556150423820917,0.9998719558866864,0.4749413939375628,0.47880905040514704,0.4922260771223806,0.6346213911783276,0.5284893711197135,0.433800875691025,0.48210189287379135,0.4785890512418735,24.0,100.0,10.0,100.0,100.0,10.0,100.0
151,2020,2,2020-02,2020-01,0.6524673929318404,0.9939849032019535,0.9998719558866864,0.6101513151892461,0.48993743784237126,false,39.518722850447716,-6.915766669028317,-7.183697946141137,-6.788979998126687,-6.552953353269949,0.22066082389071864,0.37185358601152796,0.48993743784237126,0.6101513151892461,0.525467072089678,0.9939849032019535,0.48522403221386223,0.5159197973441234,0.4879776819671946,0.5066410518050933,0.5147212339276286,0.4559414631799983,0.40651023687914856,0.4853438519406337,24.0,100.0,10.0,100.0,100.0,10.0,100.0
152,2020,3,2020-03,2020-02,0.00042953070633672193,0.6524673929318404,0.9939849032019535,0.17648439155338333,0.49148534217655665,false,40.78342592977015,-5.996199935430893,-6.6261820857842375,-6.6553085192129995,-6.060237783582628,0.5265880615079038,0.46359394564813483,0.49148534217655665,0.17648439155338333,0.3056087984281308,0.6524673929318404,0.48727530663390656,0.43594063519672566,0.44406615117862785,0.2997435773094773,0.4104810094066428,0.4896862825351423,0.28443542968684526,0.41495836854405527,24.0,100.0,10.0,100.0,100.0,10.0,100.0
153,2020,4,2020-04,2020-03,0.8947415378913184,0.00042953070633672193,0.6524673929318404,0.07965038746066996,0.48685274018155467,false,41.01231677122598,-4.625971921242206,-5.420534612702026,-6.2010189825592805,-4.363320655637899,0.21335155508429945,0.07918045621819346,0.48685274018155467,0.07965038746066996,0.21026649156597046,0.00042953070633672193,0.48193380220015336,0.3162990505680842,0.4183558501045369,0.22116780083586546,0.16306641951631506,0.5247753317674047,0.3033273153682133,0.24016448497447923,12.0,100.0,10.0,10.0,100.0,10.0,10.0
154,2020,5,2020-05,2020-04,0.477717148806594,0.8947415378913184,0.00042953070633672193,0.37471126660897786,0.49066478501996363,false,37.695955535553026,-5.74864372971603,-5.267502315840103,-6.0928658082926095,-5.702035786007693,0.21313691995312187,0.45183330372806124,0.49066478501996363,0.37471126660897786,0.4276007090353281,0.8947415378913184,0.4830958866568301,0.48169978306369077,0.4828008899030987,0.4497929671660643,0.4576440745552038,0.531212864896099,0.4910548594457231,0.49850012491347634,24.0,100.0,100.0,100.0,100.0,100.0,100.0
155,2020,6,2020-06,2020-05,0.8663544612977424,0.477717148806594,0.8947415378913184,0.7156795181647658,0.4905448994994695,false,36.74053870176897,-6.728666692754719,-5.3547213530294755,-6.073251664673594,-6.435226747840183,0.26490131768727915,0.15744134226194534,0.4905448994994695,0.7156795181647658,0.5736743474462117,0.477717148806594,0.4860086100599097,0.5226065343726531,0.4973032611323716,0.5958810984508328,0.542705716423308,0.5005169492959036,0.6204970574138674,0.558135163899626,24.0,100.0,10.0,100.0,100.0,10.0,100.0
156,2020,7,2020-07,2020-06,0.9999999982812964,0.8663544612977424,0.477717148806594,0.6408387863768135,0.49399269364440773,false,36.9391485590271,-6.530521246894903,-6.241384631080052,-6.068826987080745,-6.382824216921638,0.2077033931850725,0.029657480649137424,0.49399269364440773,0.6408387863768135,0.5432546187105051,0.8663544612977424,0.4866730586571427,0.5149915934235745,0.502320485369736,0.7188587948788984,0.5169640337036999,0.504242013362044,0.7517528114556224,0.6025082010923164,24.0,100.0,10.0,100.0,100.0,10.0,10.0
157,2020,8,2020-08,2020-07,0.008734897578776603,0.9999999982812964,0.8663544612977424,0.7340904993986819,0.49859276005019765,false,40.00334742909524,-6.439614342084383,-6.559120471082334,-6.0997854995519445,-6.199340510602575,0.2854334270661124,0.8026495604835447,0.49859276005019765,0.7340904993986819,0.594812555574805,0.999999,0.4938998883313875,0.5308100163179528,0.5045634672967924,0.6508106083208866,0.5542206793951128,0.47973693050009175,0.5398900904283755,0.5919206699076476,24.0,100.0,10.0,100.0,100.0,10.0,10.0
158,2020,9,2020-09,2020-08,0.30102797046614505,0.008734897578776603,0.9999999982812964,0.5038448979068115,0.4941796261540587,false,40.12325563647778,-4.904633491820557,-5.65809930228355,-5.9223185162688,-5.075544130646547,0.4666590212093254,0.4180912648576537,0.4941796261540587,0.5038448979068115,0.4833663702036025,0.008734897578776603,0.4941122199157391,0.493455184809476,0.47927395776097553,0.47535225470686454,0.49269287129546824,0.5259266156199646,0.5476707794124959,0.5369813126946507,24.0,100.0,100.0,100.0,100.0,10.0,100.0
159,2020,10,2020-10,2020-09,1.1941409448287023e-6,0.30102797046614505,0.008734897578776603,0.27175946245181487,0.4924550577997024,false,36.304892565711725,-6.490321092517918,-5.652401083953567,-5.933550668105334,-6.118849991636928,0.25036817412265266,0.5366737455483006,0.4924550577997024,0.27175946245181487,0.3822922370544125,0.30102797046614505,0.48909331901060116,0.448003873389785,0.46948448067107873,0.4462382814297625,0.43227397055604105,0.5552435861205673,0.4058643938881331,0.45346991433678724,24.0,100.0,100.0,100.0,10.0,10.0,100.0
160,2020,11,2020-11,2020-10,0.9572186162523333,1.1941409448287023e-6,0.30102797046614505,0.47666615175825466,0.48809705900626205,false,36.5806987594292,-6.2970845478436015,-5.6294278883701345,-5.903170675677224,-6.399157649655606,0.19622926124583198,0.175971085106259,0.48809705900626205,0.47666615175825466,0.4662273038950409,1.1941409448287023e-6,0.484828689403916,0.5121966057078815,0.4887785519886312,0.4285878039040746,0.48103637378553066,0.5150781811750269,0.5770799607880587,0.5159900184455947,24.0,100.0,10.0,100.0,100.0,10.0,100.0
161,2020,12,2020-12,2020-11,0.9990455303151535,0.9572186162523333,1.1941409448287023e-6,0.5418542889718794,0.49221216038561355,false,36.69040961114899,-5.537295294371292,-6.018919467621278,-5.811442475049051,-5.7851329913042076,0.5514815192948117,0.5571316678191569,0.49221216038561355,0.5418542889718794,0.49836800509169416,0.9572186162523333,0.4829276679694281,0.4653819237053276,0.4970666361817313,0.5237100521856627,0.501188716514685,0.6099292841370898,0.667178012060732,0.5335942332368938,24.0,100.0,100.0,100.0,10.0,10.0,100.0
162,2021,1,2021-01,2020-12,0.023820068673588664,0.9990455303151535,0.9572186162523333,0.7152860756170667,0.496619407080653,false,37.56584949249964,-6.407195490420901,-6.001047379529086,-5.779812658592876,-6.296578260350557,0.27688101768510764,0.5011278372067887,0.496619407080653,0.7152860756170667,0.5818225026167023,0.9990455303151535,0.49121708748918397,0.5101610304335744,0.5027118779393144,0.6626397065137398,0.5498833710699568,0.47256846141443265,0.6480567877208022,0.5558762343205105,24.0,100.0,10.0,100.0,10.0,10.0,100.0
163,2021,2,2021-02,2021-01,0.9932449589860605,0.023820068673588664,0.9990455303151535,0.6143829229635055,0.49254355071507483,false,37.339482785697555,-5.960780875729279,-5.906547100947321,-5.737923533469986,-5.905777460233939,0.4535954712117272,0.2796668211660686,0.49254355071507483,0.6143829229635055,0.5274224034809978,0.023820068673588664,0.493045886813448,0.5004569682260231,0.48523430271960233,0.4902935064186021,0.5206655967390983,0.49692055840351934,0.5168047326454906,0.5483423802429851,24.0,100.0,100.0,100.0,10.0,100.0,100.0
164,2021,3,2021-03,2021-02,9.431160829172884e-7,0.9932449589860605,0.023820068673588664,0.1588789054686787,0.4968230499310662,false,37.31757116436813,-6.0592451734974855,-6.124812146716497,-5.741863932607808,-6.165328428699749,0.2050758326797784,0.5742717263142505,0.4968230499310662,0.1588789054686787,0.3222392218555567,0.9932449589860605,0.48344362966051807,0.4205825435688385,0.4585265101957674,0.43791267246017346,0.4047973806199492,0.5108722756636478,0.3336547917561932,0.41966971194231334,24.0,100.0,100.0,100.0,100.0,10.0,100.0
165,2021,4,2021-04,2021-03,0.9809489724918313,9.431160829172884e-7,0.9932449589860605,0.16115950250373481,0.4926126930936511,false,38.70109957891327,-6.361677646268347,-6.1131758382666845,-5.976979381084245,-6.103645146327094,0.21342980925012925,0.10305210014964883,0.4926126930936511,0.16115950250373481,0.3120167591080326,1e-6,0.5014523942048424,0.4113510948510467,0.45490711685332313,0.24453932423447036,0.40173553667866474,0.5107546900232934,0.3229898701887426,0.2905435274070349,24.0,100.0,10.0,100.0,100.0,10.0,10.0
166,2021,5,2021-05,2021-04,0.9999999382733017,0.9809489724918313,9.431160829172884e-7,0.38501185482873945,0.49671635930708113,false,39.36388513972588,-6.867083228653107,-6.376315203533363,-6.0500783400928375,-6.746698341055557,0.2266518409511752,0.5727560677066548,0.49671635930708113,0.38501185482873945,0.44313486782191785,0.9809489724918313,0.47578539100546324,0.4775683972283638,0.48201110564398253,0.46436297661655385,0.4634300204987753,0.49451049653722035,0.4478816985738934,0.4464586235455868,24.0,100.0,100.0,100.0,10.0,100.0,100.0
167,2021,6,2021-06,2021-05,0.9998211999474832,0.9999999382733017,0.9809489724918313,0.7307470124780635,0.5009103891317996,false,40.5674642642208,-6.751347569187359,-6.635877131471605,-6.051026893061998,-6.6206491107727095,0.20648738053293234,0.6295005595921254,0.5009103891317996,0.7307470124780635,0.5854507720058677,0.999999,0.48377004835963766,0.5124591188359838,0.4953484402686971,0.5374948684941949,0.5592838454142509,0.45980690298380966,0.4958437634135999,0.5184969554787853,24.0,100.0,100.0,100.0,100.0,100.0,100.0
168,2021,7,2021-07,2021-06,0.28713982541973454,0.9998211999474832,0.9999999382733017,0.6734898056408574,0.5050336189732516,false,42.11826449916123,-6.110219373098641,-6.517770019946968,-6.024431297332901,-6.149418984971367,0.3025751093467816,0.6924022083389391,0.5050336189732516,0.6734898056408574,0.5665185525664762,0.9998211999474832,0.49228752967274786,0.5368523372524543,0.5041925255210629,0.7213581210826406,0.5386812511720989,0.4877610853485558,0.6508491101069437,0.5252221961742154,24.0,100.0,10.0,100.0,100.0,10.0,100.0
169,2021,8,2021-08,2021-07,1.2754596558997944e-7,0.28713982541973454,0.9998211999474832,0.6681490810514178,0.5032476042719933,false,39.46535634719794,-7.4882935353076,-6.632914388205618,-6.060825467405798,-6.9833425776173135,0.23861648537360078,0.3328874148412638,0.5032476042719933,0.6681490810514178,0.5606628127017017,0.28713982541973454,0.5036356645101601,0.5424215058032013,0.5057632057007249,0.5312243021171306,0.5447770048223991,0.4243389422236273,0.5854686669505683,0.5258563785443118,24.0,100.0,100.0,100.0,10.0,10.0,100.0
170,2021,9,2021-09,2021-08,0.9442970614631868,1.2754596558997944e-7,0.28713982541973454,0.4854069954122055,0.49915616137178165,false,41.934546065865675,-6.307256494139928,-6.479726937459617,-6.283575738097623,-6.1527019762963056,0.2806401489821166,0.09939104351339555,0.49915616137178165,0.4854069954122055,0.484251467981011,1e-6,0.5036043338367676,0.4947738918523592,0.505708456910094,0.46936365027874466,0.49212984723906883,0.5806574607224106,0.5575723225689984,0.5184741070333567,24.0,100.0,100.0,100.0,10.0,10.0,100.0
171,2021,10,2021-10,2021-09,0.5740123389910955,0.9442970614631868,1.2754596558997944e-7,0.24705416533264488,0.5027460073402608,false,41.05076002061503,-6.355334204137392,-6.590495135489656,-6.273829308430313,-6.403594088819204,0.3011143250831607,0.36522876700398915,0.5027460073402608,0.24705416533264488,0.39343835720895104,0.9442970614631868,0.48802458907793583,0.4509284745776019,0.4797326009648253,0.4580079557564927,0.4298602570829379,0.5606750862752075,0.3653255194332778,0.43383197971247645,24.0,100.0,100.0,100.0,10.0,10.0,100.0
172,2021,11,2021-11,2021-10,5.005758299490275e-9,0.5740123389910955,0.9442970614631868,0.5203527394395345,0.5033161379934674,false,41.11911808608818,-6.906913712001539,-6.488754584836117,-6.311709581622158,-6.729531247580419,0.33688504996282376,0.09657792743022568,0.5033161379934674,0.5203527394395345,0.502441463147999,0.5740123389910955,0.4976938002628701,0.49189437577883305,0.49366141745311637,0.49117841132384304,0.5050199303701168,0.5011464312105955,0.4229170813741947,0.499494392119005,24.0,100.0,100.0,100.0,10.0,10.0,100.0
173,2021,12,2021-12,2021-11,0.9863656764049477,5.005758299490275e-9,0.5740123389910955,0.5834171290939951,0.49932156550943796,false,42.21720490589996,-6.497117523542452,-6.560372439307603,-6.429982347667185,-6.367255727384411,0.34226391297461095,0.13730311332902487,0.49932156550943796,0.5834171290939951,0.5210170358814828,1e-6,0.5072806735947679,0.5436319313192447,0.512668240207686,0.5292002634259375,0.5195042972914312,0.5494953601559859,0.6909474616986743,0.536359980573131,24.0,100.0,100.0,100.0,10.0,10.0,100.0
174,2022,1,2022-01,2021-12,2.0651442406280282e-6,0.9863656764049477,5.005758299490275e-9,0.6524255295312961,0.5031565585086152,false,42.454480771622,-7.305944533792579,-6.849437341094685,-6.48185364654171,-7.104339818763026,0.22603243797014352,0.40042231912016274,0.5031565585086152,0.6524255295312961,0.5514912681338907,0.9863656764049477,0.4840077959786379,0.4888977296607782,0.5148340987525271,0.5450769295850817,0.5417584186545562,0.4919510339530375,0.6152605295455854,0.5146710705805666,24.0,100.0,100.0,100.0,10.0,10.0,100.0
175,2022,2,2022-02,2022-01,0.9999933446291859,2.0651442406280282e-6,0.9863656764049477,0.6488249262382833,0.49922566402920604,false,43.59174887623249,-6.684387488672077,-6.773925585348464,-6.5568622731885435,-6.895999020584908,0.1926929800382212,0.26732409793422635,0.49922566402920604,0.6488249262382833,0.5439524966655087,2.0651442406280282e-6,0.5147047317954457,0.5364420712668629,0.5173194105844987,0.4937602761461302,0.5380016513090894,0.4431515764009636,0.48925038000721643,0.5322161469412762,24.0,100.0,100.0,100.0,10.0,100.0,100.0
176,2022,3,2022-03,2022-02,3.3158163817294124e-6,0.9999933446291859,2.0651442406280282e-6,0.14443545434571542,0.503107584033857,false,44.9923046617057,-6.806405263894389,-6.898306995702515,-6.631733138590832,-6.131066290041326,0.27884109890207426,0.6514819527407352,0.503107584033857,0.14443545434571542,0.34015049586920615,0.9999933446291859,0.47617575259611805,0.40116833867080137,0.4439614739512201,0.4470728377090812,0.4000549353891371,0.46285650601116624,0.21663418092411835,0.1347230715785158,24.0,100.0,100.0,100.0,100.0,10.0,10.0
177,2022,4,2022-04,2022-03,1.1749994457964547e-7,3.3158163817294124e-6,0.9999933446291859,0.23568581795719812,0.49923755120141494,false,45.96335628196573,-5.519970978028191,-6.155881990645934,-6.497080386119327,-5.590102662717241,0.20301856480316474,0.037345820613116074,0.49923755120141494,0.23568581795719812,0.3805907125102644,3.3158163817294124e-6,0.5222168745546162,0.4438004577715206,0.4492320979656335,0.42745913128117435,0.4219644974031625,0.5719544066754814,0.398038195471933,0.3771417313635154,24.0,10.0,100.0,100.0,10.0,10.0,10.0
178,2022,5,2022-05,2022-04,0.0000705848759999234,1.1749994457964547e-7,3.3158163817294124e-6,0.4409198624146088,0.49542657842506777,false,47.62228961287292,-6.8581999101411935,-6.187733819133669,-6.496566907096609,-6.6780641361526225,0.28141941955507394,0.5495193760252782,0.49542657842506777,0.4409198624146088,0.46386431530950634,1e-6,0.5142563414450843,0.47381506855695116,0.5078461084950827,0.4673162859889197,0.47674434372381574,0.5005867292158566,0.48775568495656746,0.5005443552051497,24.0,100.0,100.0,100.0,100.0,10.0,10.0
179,2022,6,2022-06,2022-05,0.5572993292810783,0.0000705848759999234,1.1749994457964547e-7,0.7552083022480108,0.4916738815042416,false,47.77955090763135,-6.45834542085338,-6.11564476533058,-6.474815621020327,-6.2881392607212465,0.20391975159732814,0.42633321677329733,0.4916738815042416,0.7552083022480108,0.597003206353756,0.0000705848759999234,0.5065330816354804,0.5584813132029589,0.527906034232577,0.5268765738378257,0.5636079690079606,0.497890271553404,0.6802932849248254,0.5758420462154337,24.0,100.0,100.0,100.0,100.0,10.0,100.0
180,2022,7,2022-07,2022-06,0.0007523296679217987,0.5572993292810783,0.0000705848759999234,0.6412939739557638,0.49216730592361624,false,48.7293896876663,-6.283260551735821,-6.505519172642335,-6.494066484509759,-6.33983097450919,0.4265420933945028,0.2332650612169644,0.49216730592361624,0.6412939739557638,0.5422182206095167,0.5572993292810783,0.4858908605691604,0.5107685075898005,0.503178711312238,0.5556729878641646,0.5224169214358659,0.5012840702258357,0.7476210887601829,0.5350163826180967,24.0,100.0,100.0,100.0,100.0,10.0,100.0
181,2022,8,2022-08,2022-07,0.7112949556999228,0.0007523296679217987,0.5572993292810783,0.6124700015926302,0.4885000299814096,false,49.1892316230884,-6.407881294516014,-6.380426057220481,-6.435797667913985,-6.346032247502447,0.3393649091595049,0.37792297886287723,0.4885000299814096,0.6124700015926302,0.5245584417593877,0.0007523296679217987,0.5039615880951442,0.5363733616003911,0.5005555925526748,0.5169803808905197,0.5208811854318369,0.4886665568672009,0.5267636123193471,0.5311488119167382,24.0,100.0,100.0,100.0,100.0,100.0,100.0
182,2022,9,2022-09,2022-08,0.9155242754755656,0.7112949556999228,0.0007523296679217987,0.5236478342497872,0.49015036276450963,false,47.83645159202263,-6.827826343493391,-6.480523062987728,-6.475013618074966,-6.736156108020536,0.1906332111177645,0.2479772341211842,0.49015036276450963,0.5236478342497872,0.4902834572035038,0.7112949556999228,0.4770819180406479,0.48610022299549593,0.487832334815272,0.46762917207424026,0.49653739265959157,0.48033421047241515,0.43950061389326894,0.5039731671465956,24.0,100.0,100.0,100.0,100.0,10.0,10.0
183,2022,10,2022-10,2022-09,0.7459151716053222,0.9155242754755656,0.7112949556999228,0.27430067980418243,0.49327811212267925,false,48.8899637241841,-6.315047656115848,-6.493307709615881,-6.471159763892891,-6.179849382042582,0.2112803178856243,0.2809277813767195,0.49327811212267925,0.27430067980418243,0.38942629821816566,0.9155242754755656,0.47303904235356675,0.4418873538256626,0.45974665447001306,0.4527628414421342,0.4266084875538651,0.47449570985839695,0.3355510979104883,0.27733804618129704,24.0,100.0,100.0,100.0,10.0,10.0,10.0
184,2022,11,2022-11,2022-10,0.016545769665204723,0.7459151716053222,0.9155242754755656,0.47699001157005316,0.49512217825028976,false,50.11531678587494,-6.13337100005202,-6.384735170942318,-6.410137769675738,-6.174539029036828,0.24800725570289603,0.09629053206645335,0.49512217825028976,0.47699001157005316,0.4782955266610215,0.7459151716053222,0.48250797634604337,0.4566702995548963,0.4829753980054985,0.4848809376605018,0.4867612492529099,0.5008152757672752,0.44700758440356364,0.4940375195703683,24.0,100.0,100.0,100.0,100.0,10.0,100.0
185,2022,12,2022-12,2022-11,0.6073159849658322,0.016545769665204723,0.7459151716053222,0.6169961747032412,0.49165423326054275,false,44.7732715567372,-5.8515697251488765,-6.081605519040304,-6.343143535469866,-6.1489107759420865,0.33467371183486594,0.7940405442079546,0.49165423326054275,0.6169961747032412,0.529541924388152,0.016545769665204723,0.506545265395129,0.5569367347848808,0.4973232092470926,0.5222142989138144,0.5253979453216039,0.4832920101717654,0.5669136064428247,0.57761485556459,24.0,100.0,100.0,100.0,100.0,10.0,10.0
186,2023,1,2023-01,2022-12,0.998926241476182,0.6073159849658322,0.016545769665204723,0.5980569074990414,0.4924863321936743,false,44.41697806934235,-6.218904867074698,-6.055318785168378,-6.28248250840228,-6.5353157797463135,0.145379486709553,0.1576534474910178,0.4924863321936743,0.5980569074990414,0.5225815845298135,0.6073159849658322,0.48426017034380153,0.5018425021537019,0.49890449990136476,0.5336853425435644,0.5206051405663096,0.5053952535167826,0.7081507533698012,0.6489438893854376,24.0,100.0,100.0,100.0,100.0,10.0,10.0
187,2023,2,2023-02,2023-01,0.9994524432123527,0.998926241476182,0.6073159849658322,0.6780889611041919,0.4961037601171208,false,45.792601539254974,-6.670529186449755,-6.192433342106149,-6.281704780747587,-6.556690252376121,0.2522736856351018,0.5944417056152506,0.4961037601171208,0.6780889611041919,0.5605130984178233,0.998926241476182,0.4732480344249457,0.5114911220696823,0.49936505692804056,0.4971885236098242,0.5471683652931343,0.450221739351636,0.4677559775228091,0.608209656491276,24.0,100.0,100.0,100.0,10.0,10.0,10.0
188,2023,3,2023-03,2023-02,0.9792216463558787,0.9994524432123527,0.998926241476182,0.1323994428016043,0.499673608933399,false,46.33979682260883,-6.529566178616361,-6.4548148299266055,-6.266099221822165,-6.521825289337846,0.42370625748502927,0.7399156176946333,0.499673608933399,0.1323994428016043,0.3106486654954136,0.9994524432123527,0.480738484207567,0.39197209844572056,0.4330721455779929,0.4435359278107539,0.3884724314382885,0.47126925499172545,0.23565728783785853,0.14359510710880088,24.0,100.0,100.0,100.0,100.0,10.0,10.0
189,2023,4,2023-04,2023-03,0.00112409972112408,0.9792216463558787,0.9994524432123527,0.21604534291909364,0.5030507077884869,false,46.7139084669908,-5.512659455149494,-6.094941226142793,-6.264810453839422,-5.914048604927977,0.30568401377009435,0.49419141522476456,0.5030507077884869,0.21604534291909364,0.3831011720778049,0.9792216463558787,0.48823304671772355,0.46644156491528066,0.4618135760654881,0.42807271569867344,0.4149060623762783,0.510113186629352,0.43669499225029285,0.423710801589996,24.0,100.0,100.0,100.0,100.0,100.0,100.0
190,2023,5,2023-05,2023-04,0.8734067743278249,0.00112409972112408,0.9792216463558787,0.40418242261972476,0.4995407315082956,false,47.188188355325906,-6.644450177088571,-6.0900004277848865,-6.253898849533533,-6.398783590266627,0.2512188622313795,0.06278934939707122,0.4995407315082956,0.40418242261972476,0.45689079498438484,0.00112409972112408,0.5111174600772272,0.45720555479838554,0.45098523785867195,0.45972351585270144,0.46814131401528297,0.5072613196682414,0.3883791524647853,0.3975572410158879,24.0,10.0,100.0,100.0,100.0,10.0,10.0
191,2023,6,2023-06,2023-05,0.8819968288866197,0.8734067743278249,0.00112409972112408,0.7387158878340997,0.50213702347232,false,48.578993464840096,-6.4643261785611354,-6.075625350997396,-6.25430396129585,-6.34640993584261,0.18430541258216043,0.11782479736952585,0.50213702347232,0.7387158878340997,0.5912589951899943,0.8734067743278249,0.48556209112786236,0.5322951602815874,0.5249778860027139,0.530663337650273,0.5709893457204678,0.5199870716053568,0.6444259205152559,0.7381900328724216,24.0,100.0,100.0,100.0,100.0,10.0,10.0
192,2023,7,2023-07,2023-06,0.7621711653242887,0.8819968288866197,0.8734067743278249,0.592021539779776,0.5047567462682808,false,46.494322699058785,-6.874980628180396,-6.647294859842938,-6.2911303103871665,-6.732872880464624,0.22270615002603883,0.22347588248737438,0.5047567462682808,0.592021539779776,0.533564665819471,0.8819968288866197,0.48957815367385726,0.5146053391840402,0.5048232546079364,0.56663361664687,0.5185633764452915,0.47696165828640114,0.6725325191252056,0.5185976477001762,24.0,100.0,100.0,100.0,10.0,10.0,10.0
193,2023,8,2023-08,2023-07,7.657478438024695e-6,0.7621711653242887,0.8819968288866197,0.620071921139345,0.5065198587275686,false,45.84758823878565,-7.16433867779257,-6.792925081757073,-6.331275206834678,-7.083072947599655,0.2511144713647438,0.2747567761379614,0.5065198587275686,0.620071921139345,0.5465550174558421,0.7621711653242887,0.4958935042536058,0.5169977632739094,0.5098117360498469,0.5404058054752807,0.538823053660275,0.4832409640106583,0.5890557080991274,0.5729762597068325,24.0,100.0,100.0,100.0,100.0,10.0,10.0
194,2023,9,2023-09,2023-08,0.5924591692786517,7.657478438024695e-6,0.7621711653242887,0.5537921758825395,0.5030741974945813,false,46.99736209634909,-7.6326932052183665,-7.177220836932216,-6.3597158769239766,-7.059817271328082,0.24605589838374547,0.11453668335082169,0.5030741974945813,0.5537921758825395,0.5162941251681674,7.657478438024695e-6,0.515518445354627,0.5249062020002156,0.5137359126940878,0.47824574514661444,0.5161753641022503,0.480789800663349,0.4435841423992087,0.5297784429913993,24.0,100.0,100.0,100.0,100.0,10.0,10.0
195,2023,10,2023-10,2023-09,0.9997443964899692,0.5924591692786517,7.657478438024695e-6,0.31057871763503936,0.5036781500066357,false,34.887967365180316,-7.42973548305775,-7.3904311069565765,-6.42005691536702,-7.388742944397649,0.31828267048287756,0.7060176916696976,0.5036781500066357,0.31057871763503936,0.4226845040494799,0.5924591692786517,0.49740908754230784,0.45966026305378455,0.48286420437809036,0.45716590854732203,0.44192362025099097,0.45432218044097805,0.2571233671558139,0.2352038704212824,24.0,100.0,100.0,100.0,100.0,10.0,10.0
196,2023,11,2023-11,2023-10,0.12694752433945858,0.9997443964899692,0.5924591692786517,0.4415712237312187,0.5070074536743091,false,35.7035789917652,-6.104698536416026,-6.809403270628205,-6.416833392677925,-6.49532034122855,0.5029920233397503,0.7595305603220504,0.5070074536743091,0.4415712237312187,0.47989265768595385,0.9997443964899692,0.4883100166785498,0.43098539811291825,0.48656448375348843,0.4944714456284605,0.48451236435689804,0.4782903445009346,0.46146460272560985,0.4551935845392719,24.0,100.0,100.0,100.0,100.0,100.0,100.0
197,2023,12,2023-12,2023-11,0.014840258697927745,0.12694752433945858,0.9997443964899692,0.6162515447234405,0.5044737208120769,false,33.953453950165226,-7.01200292869401,-6.690844224100094,-6.522975944515002,-6.997726788212509,0.19466409696316964,0.3137182953235324,0.5044737208120769,0.6162515447234405,0.5410176803556143,0.12694752433945858,0.5146972538679451,0.558159059186109,0.5041088308243904,0.537051249213427,0.5368792624429745,0.4077411763098759,0.5211446661141098,0.5106279897941655,24.0,100.0,100.0,100.0,10.0,10.0,10.0
198,2024,1,2024-01,2023-12,0.09117600860912785,0.014840258697927745,0.12694752433945858,0.6288930101126676,0.5012311151027116,false,34.66789189406654,-6.241884092487292,-6.3811465360452875,-6.525545085708536,-5.9686601793665455,0.2968570697355996,0.12491413390506685,0.5012311151027116,0.6288930101126676,0.541313847614237,0.014840258697927745,0.5128875545905099,0.5743609081681038,0.5135452278973749,0.5441539290607514,0.5386207145810726,0.5272099528157531,0.6886751597463129,0.6673076331100624,24.0,100.0,100.0,100.0,10.0,10.0,10.0
199,2024,2,2024-02,2024-01,2.517173075681e-6,0.09117600860912785,0.014840258697927745,0.7028092289586657,0.49853338413893805,false,34.55439835696393,-7.1459606185421665,-6.715695661189539,-6.553200246763447,-6.808809256129868,0.2120389848018026,0.31329356521417456,0.49853338413893805,0.7028092289586657,0.5658766897316829,0.09117600860912785,0.5055613245233965,0.5458370224771779,0.5173003253773032,0.5003385777370806,0.5598765045476073,0.48091658791581093,0.4883169179388772,0.5460776687488007,24.0,100.0,100.0,100.0,100.0,100.0,100.0
200,2024,3,2024-03,2024-02,0.9998002311083551,2.517173075681e-6,0.09117600860912785,0.19753961230577927,0.49527501245942257,false,35.07053755943548,-7.529163865010851,-6.82114545537342,-6.608632490129654,-7.120318364737246,0.3338495528529132,0.19452721874892853,0.49527501245942257,0.19753961230577927,0.375153870701068,2.517173075681e-6,0.5018396079294561,0.4484471712748505,0.4783385743521133,0.44003030868171494,0.39976973373909136,0.4882252338921682,0.41047702323244184,0.39861076902686954,24.0,100.0,100.0,100.0,100.0,10.0,100.0
201,2024,4,2024-04,2024-03,0.001625994701530507,0.9998002311083551,2.517173075681e-6,0.19951293959617292,0.4985511502428572,false,32.82937619731422,-6.410566098423977,-6.918034055625264,-6.768512683835303,-6.406887456569291,0.2199369489145124,0.7240473400728401,0.4985511502428572,0.19951293959617292,0.3901560648936296,0.9998002311083551,0.4821222442354061,0.4446647590538843,0.46068218043489173,0.4306530919193069,0.4023689568624717,0.4041117635843858,0.3890748411374774,0.36049548872549136,24.0,100.0,100.0,100.0,10.0,100.0,100.0
202,2024,5,2024-05,2024-04,0.04272618934007029,0.001625994701530507,0.9998002311083551,0.44027660352034775,0.49534518149742923,false,33.65626217871613,-5.851829781234656,-6.385808694840084,-6.66048866939804,-5.755152829865477,0.25803184731712125,0.07120329464058296,0.49534518149742923,0.44027660352034775,0.4709351857490213,0.001625994701530507,0.5081926157772773,0.46740989696184126,0.48567670640598626,0.46342664969367003,0.47531498199458305,0.44379564156039847,0.3558204376790967,0.48178091297554654,24.0,100.0,100.0,100.0,10.0,10.0,100.0
203,2024,6,2024-06,2024-05,0.000045729748312074315,0.04272618934007029,0.001625994701530507,0.7497374986842935,0.49244377770154873,false,33.74454165167003,-6.094422231888014,-6.093255030976723,-6.616104982934044,-6.223300808941424,0.20182869897558822,0.03276895482543281,0.49244377770154873,0.7497374986842935,0.574994048502139,0.04272618934007029,0.5012112243134375,0.5555316161796644,0.5172311460958271,0.5209449491360193,0.5715602884024941,0.5351465544657558,0.6085326409078357,0.5852968002813468,24.0,100.0,100.0,100.0,10.0,10.0,100.0
204,2024,7,2024-07,2024-06,0.41595014300718264,0.000045729748312074315,0.04272618934007029,0.604175084461527,0.4893074844024835,false,33.66649832107089,-5.885445136940875,-5.9382832881830865,-6.512906957453629,-6.292557168902908,0.4475296695192329,0.334498702560965,0.4893074844024835,0.604175084461527,0.5155769386293098,0.000045729748312074315,0.49630572317752253,0.49286160110491906,0.51032222247074,0.5475635051983205,0.5135697193027707,0.5156859740440826,0.5799806019533069,0.5480222155524382,24.0,100.0,100.0,100.0,100.0,100.0,100.0
205,2024,8,2024-08,2024-07,0.8930459731974845,0.41595014300718264,0.000045729748312074315,0.5757816165921373,0.4888431974316273,false,31.263642993033272,-6.060833101277507,-6.009292061317751,-6.429004850980937,-6.271593226679438,0.15669043885569525,0.323661291690122,0.4888431974316273,0.5757816165921373,0.5059621952599325,0.41595014300718264,0.48712384443385404,0.5110903427140465,0.49474183789365256,0.5247629234870076,0.5140131543120883,0.4955546296115285,0.5369680327424688,0.5255133931373891,24.0,100.0,100.0,100.0,100.0,100.0,100.0
206,2024,9,2024-09,2024-08,0.9996356083253933,0.8930459731974845,0.41595014300718264,0.5565541039822618,0.49138535325405397,false,32.4505169521218,-6.314985551345819,-6.071798999526035,-6.362851352743412,-6.084101313766834,0.2338030996410938,0.38584709363415964,0.49138535325405397,0.5565541039822618,0.5027171686499763,0.8930459731974845,0.4800338345819084,0.49664612384989526,0.49220463618862825,0.48006424399840364,0.5097427762829563,0.514804089754609,0.5026041705778782,0.5161936646671269,24.0,100.0,100.0,100.0,10.0,10.0,100.0
207,2024,10,2024-10,2024-09,0.9765626297658085,0.9996356083253933,0.8930459731974845,0.3598048375532486,0.49456191734824984,false,33.23689386315357,-6.737080810580812,-6.333475464012625,-6.334608941306898,-6.663188261730535,0.29428377507935577,0.6226298431158387,0.49456191734824984,0.3598048375532486,0.4444758887623442,0.9996356083253933,0.483793416933675,0.47143100315659797,0.4627770573238953,0.458445920036813,0.44847182050863815,0.4224135051171479,0.3027674009352914,0.425032660338206,24.0,100.0,100.0,100.0,10.0,10.0,100.0
208,2024,11,2024-11,2024-10,0.00021001666238555674,0.9765626297658085,0.9996356083253933,0.41909810234609296,0.4975557105930794,false,33.75121451017844,-6.609747937117441,-6.537970741270638,-6.3770834025997205,-6.722499857521076,0.17645719378345165,0.24364275904982705,0.4975557105930794,0.41909810234609296,0.46787116061781453,0.9765626297658085,0.4901815682141465,0.4241491301782163,0.47818741290183625,0.4825169210169892,0.4696527339538914,0.4814308438715368,0.46678919690679394,0.4520835644991104,24.0,100.0,100.0,100.0,100.0,100.0,100.0
209,2024,12,2024-12,2024-11,0.06909653949282377,0.00021001666238555674,0.9765626297658085,0.5732935957216182,0.4944856754453591,false,34.94352079375449,-5.485028659494127,-6.106996253461519,-6.229370527813902,-5.938960228931238,0.27337762906293245,0.4289297980793938,0.4944856754453591,0.5732935957216182,0.5114084007603664,0.00021001666238555674,0.4986839237124785,0.5384809274811825,0.4958322417938278,0.5157977049122083,0.5177335107590887,0.46194962198644635,0.5758346759471956,0.5884094066268861,24.0,100.0,100.0,100.0,10.0,10.0,10.0
210,2025,1,2025-01,2024-12,0.9999891946134905,0.06909653949282377,0.00021001666238555674,0.5904846528624148,0.4918759261450368,false,34.8379042151505,-6.445033071448965,-6.048531684768331,-6.244615913401498,-6.544815866326557,0.3311443891320671,0.2654824784997743,0.4918759261450368,0.5904846528624148,0.5136659900408066,0.06909653949282377,0.4928222789926885,0.5391756866133519,0.4993707273927119,0.5264480325608623,0.5216267128797539,0.5608406116520449,0.6698443667807329,0.5415896475412422,24.0,100.0,100.0,100.0,10.0,10.0,100.0
211,2025,2,2025-02,2025-01,0.5441437217398487,0.9999891946134905,0.06909653949282377,0.6526087495454094,0.49497417778203956,false,35.51867161337918,-6.778575595203373,-6.078519155454704,-6.229706317650999,-6.886939207380129,0.16650369775270382,0.501950257667477,0.49497417778203956,0.6526087495454094,0.5371750752316368,0.9999891946134905,0.4844813836931364,0.5338449446164644,0.49796694707687617,0.501074933541122,0.5443326195052599,0.5173110642164166,0.5257035553638233,0.6190724444078621,24.0,100.0,100.0,100.0,10.0,10.0,10.0
212,2025,3,2025-03,2025-02,0.9999990792097828,0.5441437217398487,0.9999891946134905,0.254843942220249,0.4952721750181475,false,35.21789905149603,-6.546252603318133,-6.580426750453902,-6.192412008865619,-6.323570593463129,0.18188116028182005,0.0730924760850088,0.4952721750181475,0.254843942220249,0.40877106825464254,0.5441437217398487,0.49155781911342455,0.4370976470334361,0.4583683531881321,0.44676388739081774,0.4139533927785044,0.4436441043161792,0.3296438460990141,0.4105521851379955,24.0,100.0,100.0,100.0,10.0,10.0,100.0
213,2025,4,2025-04,2025-03,0.34115865304464454,0.9999990792097828,0.5441437217398487,0.1853781578179842,0.4983126985373742,false,37.475394786536754,-6.575072989116007,-6.628084323437197,-6.202627127433735,-6.733997098345167,0.2545236753987451,0.8037306890901461,0.4983126985373742,0.1853781578179842,0.3900321416611184,0.999999,0.48861864978071884,0.43406964883793453,0.4464577759483654,0.42719865594558787,0.39335609276029954,0.4623054195398794,0.3889068685688495,0.35599749034700223,24.0,100.0,100.0,100.0,100.0,100.0,100.0
214,2025,5,2025-05,2025-04,1.2849466638714992e-6,0.34115865304464454,0.9999990792097828,0.4118801453646137,0.497371656348795,false,36.41301527191558,-4.952752604318337,-5.714426229312503,-6.043509834555104,-5.114952154503645,0.16587066844318588,0.3651154214404956,0.497371656348795,0.4118801453646137,0.4674726158793565,0.34115865304464454,0.49673695345968893,0.4703684240380049,0.4758488670579097,0.4545818599349855,0.4666773699888449,0.4446749414852434,0.34101778134920224,0.4847187141063143,24.0,100.0,100.0,100.0,10.0,10.0,100.0
215,2025,6,2025-06,2025-05,0.00005967840152683871,1.2849466638714992e-6,0.34115865304464454,0.6961880866174377,0.49441111842378227,false,36.35351300319758,-5.1715757584205715,-5.357765901924663,-5.930094109368356,-5.3258091541422,0.14314489878485492,0.05463184089177518,0.49441111842378227,0.6961880866174377,0.5502443404837511,1.2849466638714992e-6,0.49794248685666764,0.5363926802589759,0.5246497061604891,0.5106300524913655,0.5593421768361797,0.6279499204956696,0.7047633250309122,0.7906748103790727,24.0,100.0,100.0,100.0,10.0,10.0,10.0
216,2025,7,2025-07,2025-06,1.7417173729395017e-6,0.00005967840152683871,1.2849466638714992e-6,0.5916267550312373,0.49148596197394645,false,36.744535639290916,-6.097805276695906,-5.29916093009277,-5.946906541594607,-6.161001273733063,0.3448382494817458,0.15139834853779677,0.49148596197394645,0.5916267550312373,0.5125206759795519,0.00005967840152683871,0.49211472502911796,0.48646694332345936,0.5088696863882634,0.5469169080800386,0.5128389516978065,0.5461089634879082,0.6045972442587811,0.5709963696849933,24.0,100.0,100.0,100.0,100.0,100.0,100.0
217,2025,8,2025-08,2025-07,0.0001614337344320129,1.7417173729395017e-6,0.00005967840152683871,0.5969325736991604,0.4885948783253784,false,37.04228767463019,-6.529019152416815,-5.767377272793016,-5.975100851825319,-6.472475951725098,0.1645624504402684,0.11543427023734544,0.4885948783253784,0.5969325736991604,0.5104841668635891,1.7417173729395017e-6,0.48642229940584586,0.5308013915909525,0.5100999555230629,0.5309846173626509,0.5225155549429032,0.5263320293827219,0.5753870534700375,0.5653961257923347,24.0,100.0,100.0,100.0,100.0,100.0,100.0
218,2025,9,2025-09,2025-08,0.9999999659175124,0.0001614337344320129,1.7417173729395017e-6,0.5860928709384705,0.48573854239209807,false,35.50476026012802,-6.646825893750762,-6.39565662425299,-5.991994904004359,-6.787903111271153,0.3636490415126302,0.4558669020853997,0.48573854239209807,0.5860928709384705,0.5039321969439239,0.0001614337344320129,0.4808618049457181,0.500761269643413,0.49822789826562364,0.4816079517072628,0.5170059469059908,0.5022568490071554,0.5029854544283648,0.5378598170398075,24.0,100.0,100.0,100.0,100.0,100.0,100.0
219,2025,10,2025-10,2025-09,0.0020689105488960087,0.9999999659175124,0.0001614337344320129,0.40092202370075264,0.48872843438933883,false,38.71737326824018,-6.296635839053023,-6.480079461979868,-5.970339861284427,-6.314921552644135,0.20147489161988333,0.8225575634180746,0.48872843438933883,0.40092202370075264,0.4563988159871646,0.999999,0.48485967261079815,0.4878723483388881,0.47365002326323524,0.4584097401033932,0.45649181775205994,0.47893080785162573,0.4473858733738989,0.44549177947309165,24.0,100.0,100.0,100.0,100.0,100.0,100.0
220,2025,11,2025-11,2025-10,0.7419678483723798,0.0020689105488960087,0.9999999659175124,0.3911722299671791,0.4859153735578911,false,39.51563591494778,-4.77850432966002,-5.559751846597356,-5.762952072267348,-4.9042326883057985,0.3512169698646243,0.1324438376267862,0.4859153735578911,0.3911722299671791,0.4502555696036037,0.0020689105488960087,0.4867145701013561,0.516092044200974,0.4658224237900669,0.46570513304093797,0.45116318565339175,0.5067093109066872,0.4939359949654051,0.48037117566477033,24.0,100.0,100.0,100.0,100.0,100.0,100.0
221,2025,12,2025-12,2025-11,0.9081853275323385,0.7419678483723798,0.0020689105488960087,0.5396804586396985,0.4873869395051008,false,38.34991563679,-5.907706360183792,-5.4437691544616955,-5.801619289558765,-5.762054265025456,0.2936879973382328,0.35918230199166773,0.4873869395051008,0.5396804586396985,0.4934926013624225,0.7419678483723798,0.4818458107237261,0.4862170661139623,0.49387271021417894,0.5089340396300014,0.5027222178256965,0.5257456314258254,0.5475702699502176,0.5409037012159773,24.0,100.0,100.0,100.0,100.0,100.0,100.0
222,2026,1,2026-01,2025-12,0.9939431411987645,0.9081853275323385,0.7419678483723798,0.6177849556458198,0.4897915017223993,false,39.58463677590703,-5.747974952536305,-5.344974866660816,-5.758430989718318,-5.776311229854979,0.6355452949668888,0.31757288386068794,0.4897915017223993,0.6177849556458198,0.518075404010158,0.9081853275323385,0.483613137091954,0.489417283937266,0.4932510318272862,0.5329898171211069,0.5312089874864683,0.5451932473139112,0.5882710260484174,0.5906907967188748,24.0,100.0,100.0,100.0,100.0,100.0,100.0
223,2026,2,2026-02,2026-01,0.9269447370372773,0.9939431411987645,0.9081853275323385,0.6453777476917053,0.4926559996739696,false,38.46386770387653,-4.180351508643939,-4.952329671080969,-5.440880822779132,-4.192781606164641,0.6029283856742257,0.22643074131762075,0.4926559996739696,0.6453777476917053,0.5298895133597665,0.9939431411987645,0.488290190448127,0.5368115622900949,0.49362134267442936,0.5081669936839482,0.5427966808663175,0.57002853479951,0.5886883531146287,0.6271293627191675,24.0,100.0,100.0,100.0,100.0,100.0,100.0
224,2026,3,2026-03,2026-02,0.9895600544078209,0.9269447370372773,0.9939431411987645,0.30452095135288454,0.495109608359638,false,39.37446676902664,-4.285272663241697,-4.532780378391413,-5.228133353960013,-4.371649024192944,0.261429385538695,0.16448205574128746,0.495109608359638,0.30452095135288454,0.43086813893394643,0.9269447370372773,0.49312950950584933,0.43151573259319664,0.4675591810294254,0.45486129509457457,0.42739765388909084,0.5745546287928137,0.5406749829732713,0.5110314213391401,24.0,100.0,100.0,100.0,100.0,100.0,100.0
225,2026,4,2026-04,2026-03,0.000432550299794548,0.9895600544078209,0.9269447370372773,0.19576352416642823,0.4978874198542907,false,39.653007857780494,-4.565432278724013,-4.330867782519556,-5.0971057806844895,-4.1741631308849,0.19111185571398956,0.47572008813572414,0.4978874198542907,0.19576352416642823,0.3979476859497295,0.9895600544078209,0.4984207134302033,0.4388847648562582,0.45878747181190443,0.42647897813932334,0.3922505521699774,0.5813506594171989,0.5151616038719711,0.48069122558902355,24.0,100.0,100.0,100.0,100.0,100.0,100.0
226,2026,5,2026-05,2026-04,0.40757784515775236,0.000432550299794548,0.9895600544078209,0.3844215546700837,0.4951083423707461,false,40.277649975847,-5.837266012219808,-4.707127132580246,-5.155287181012822,-5.35073032274835,0.15627853237363823,0.02641939987043643,0.4951083423707461,0.3844215546700837,0.4567974802133426,0.000432550299794548,0.49167486125710996,0.4356291426770477,0.4760606959821921,0.4418094806221003,0.45453074617878564,0.5525509018269484,0.5068146211216695,0.5178939252021227,24.0,100.0,100.0,100.0,100.0,100.0,100.0
227,2026,6,2026-06,2026-05,0.9978787608476755,0.40757784515775236,0.000432550299794548,0.6497795260697103,0.49462206183067386,false,40.26429675393115,-5.683669643519576,-5.189568120297033,-5.188696227557687,-5.454783084171615,0.2484970604554913,0.09170295677851692,0.49462206183067386,0.6497795260697103,0.5356669808200613,0.40757784515775236,0.4916506734435953,0.5278559485326458,0.5103138370575198,0.4999826848198697,0.5465089525727661,0.5606601783864161,0.5671550706253841,0.6119511952210603,24.0,100.0,100.0,100.0,100.0,100.0,100.0
228,2026,7,2026-07,2026-06,0.001053971932503965,0.9978787608476755,0.40757784515775236,0.5546501916991208,0.497402485582149,false,40.713067875627075,-4.845547795682821,-5.354452546967809,-5.1081540346579715,-5.06051322395004,0.26424898837876765,0.47359828252484665,0.497402485582149,0.5546501916991208,0.5096753310740756,0.9978787608476755,0.4952567791077697,0.5283627164179502,0.49832476504699086,0.548244267080234,0.5049872649628941,0.5927070973252947,0.603380392206526,0.5602622558293926,24.0,100.0,100.0,100.0,10.0,100.0,100.0
229,2026,8,2026-08,2026-07,0.9909277725918423,0.001053971932503965,0.9978787608476755,0.5596343774513649,0.4946752959467114,false,41.526630148290906,-5.51331620646793,-5.2787058997333,-5.073320844597279,-5.4541860992068765,0.20887367261570075,0.12801478271924277,0.4946752959467114,0.5596343774513649,0.5081619691599835,0.001053971932503965,0.4940180200351321,0.5194093039623372,0.4903806644467641,0.5315365542725374,0.5153464594127047,0.5361756769919174,0.5832249592296539,0.5685997722551532,24.0,100.0,100.0,100.0,100.0,100.0,100.0
